rowid,tag_sql
1,Consequence.Collision
1,Management.Mitigation
1,Phase.2Construction
1,Phase.3OperationsandMaintenance
1,Phase.4Decommissioning
1,Receptor.Birds
1,Receptor.Birds.Seabirds
1,Receptor.Fish
1,Receptor.MarineMammals
1,Receptor.MarineMammals.Pinnipeds
1,Stressor.Noise.Airborne
1,Stressor.Noise.Underwater
1,Stressor.PhysicalInteraction
1,Technology.Current.Tidal
1,Technology.Wave
2,Management.DesignFeature
2,Phase.3OperationsandMaintenance
2,Receptor.Birds
2,Receptor.Fish
2,Receptor.Habitat
2,Receptor.Habitat.Benthos
2,Receptor.MarineMammals
2,Receptor.Reptiles
2,Stressor.PhysicalInteraction.ChangesinFlow
2,Technology.Current.Tidal
3,Management.Monitoring
3,Phase.3OperationsandMaintenance
3,Receptor.Birds
3,Receptor.Fish
3,Receptor.Reptiles
3,Stressor.PhysicalInteraction.ChangesinFlow
3,Technology.Current.Tidal
4,Management.Mitigation
4,Phase.2Construction
4,Phase.3OperationsandMaintenance
4,Phase.4Decommissioning
4,Receptor.Fish
4,Receptor.Fish
4,Receptor.Fish.Sharks
4,Receptor.MarineMammals
4,Stressor.BehavioralInteraction
4,Technology.Current.Tidal
4,Technology.Wave
5,Management.DesignFeature
5,Phase.2Construction
5,Receptor.Habitat.Benthos
5,Stressor.InvasiveSpecies
5,Technology.Current.Tidal
5,Technology.Wave
6,Management.Mitigation
6,Phase.2Construction
6,Phase.3OperationsandMaintenance
6,Phase.4Decommissioning
6,Receptor.Birds
6,Receptor.Fish
6,Receptor.Habitat
6,Receptor.Habitat.Benthos
6,Receptor.MarineMammals
6,Receptor.Reptiles
6,Stressor.BehavioralInteraction.Displacement
6,Technology.Current.Tidal
6,Technology.Wave
7,Consequence.EntanglementEntrapment
7,Management.DesignFeature
7,Phase.3OperationsandMaintenance
7,Receptor.Birds
7,Receptor.Birds.Seabirds
7,Receptor.Fish
7,Receptor.Fish
7,Receptor.Fish.Sharks
7,Receptor.MarineMammals
7,Receptor.MarineMammals.Cetaceans
7,Receptor.Reptiles
7,Receptor.Reptiles
7,Stressor.PhysicalInteraction
7,Technology.Current.Tidal
7,Technology.Wave
8,Management.DesignFeature
8,Phase.3OperationsandMaintenance
8,Receptor.Fish
8,Receptor.Fish.PelagicFish
8,Receptor.Fish.Sharks
8,Stressor.EMF
8,Technology.Current.Tidal
8,Technology.Wave
9,Management.Monitoring
9,Phase.3OperationsandMaintenance
9,Receptor.Birds
9,Receptor.Birds.GroundNestingBirds
9,Receptor.Habitat
9,Stressor.HabitatChange
9,Technology.Current.Tidal
9,Technology.Wave
10,Management.Mitigation
10,Phase.3OperationsandMaintenance
10,Receptor.Fish
10,Receptor.Habitat
10,Receptor.Habitat.Benthos
10,Receptor.MarineMammals
10,Stressor.PhysicalInteraction.Chemicals
10,Technology.Current.Tidal
10,Technology.Wave
11,Management.DesignFeature
11,Phase.3OperationsandMaintenance
11,Receptor.Birds
11,Receptor.Fish
11,Receptor.Habitat
11,Receptor.Habitat.Benthos
11,Receptor.MarineMammals
11,Stressor.BehavioralInteraction.Displacement
11,Technology.Current.Tidal
11,Technology.Wave
12,Consequence.Collision
12,Management.Mitigation
12,Phase.3OperationsandMaintenance
12,Receptor.MarineMammals
12,Stressor.PhysicalInteraction
12,Technology.Current.Tidal
13,Management.Monitoring
13,Phase.3OperationsandMaintenance
13,Receptor.Fish
13,Stressor.PhysicalInteraction.ChangesinFlow
13,Technology.Current.Tidal
14,Management.Mitigation
14,Phase.3OperationsandMaintenance
14,Receptor.Fish
14,Receptor.Fish
14,Receptor.Fish.Sharks
14,Receptor.MarineMammals
14,Stressor.BehavioralInteraction
14,Technology.Current.Tidal
14,Technology.Wave
15,Management.Compliance
15,Management.Monitoring
15,Phase.2Construction
15,Phase.3OperationsandMaintenance
15,Phase.4Decommissioning
15,Receptor.Birds
15,Receptor.Habitat.Benthos
15,Stressor.InvasiveSpecies
15,Technology.Current.Tidal
15,Technology.Wave
16,Management.Mitigation
16,Phase.2Construction
16,Phase.3OperationsandMaintenance
16,Phase.4Decommissioning
16,Receptor.Birds
16,Receptor.Fish
16,Receptor.Habitat
16,Receptor.MarineMammals
16,Receptor.PhysicalEnvironment.SedimentTransport
16,Receptor.Reptiles
16,Stressor.PhysicalInteraction
16,Technology.Current.Tidal
16,Technology.Wave
17,Consequence.EntanglementEntrapment
17,Management.Mitigation
17,Phase.3OperationsandMaintenance
17,Receptor.MarineMammals
17,Receptor.MarineMammals.Cetaceans
17,Stressor.PhysicalInteraction
17,Technology.Current.Tidal
17,Technology.Wave
18,Management.DesignFeature
18,Phase.3OperationsandMaintenance
18,Receptor.Fish
18,Receptor.Fish.PelagicFish
18,Stressor.EMF
18,Technology.Current.Tidal
18,Technology.Wave
19,Management.Monitoring
19,Phase.3OperationsandMaintenance
19,Receptor.Habitat
19,Receptor.Habitat.Benthos
19,Receptor.Habitat.Benthos
19,Stressor.HabitatChange
19,Technology.Current.Tidal
19,Technology.Wave
20,Management.Mitigation
20,Phase.2Construction
20,Phase.3OperationsandMaintenance
20,Phase.4Decommissioning
20,Receptor.Birds
20,Receptor.Fish
20,Receptor.Habitat
20,Stressor.BehavioralInteraction.Displacement
20,Technology.Current.Tidal
20,Technology.Wave
21,Consequence.Collision
21,Management.DesignFeature
21,Management.Mitigation
21,Phase.3OperationsandMaintenance
21,Receptor.MarineMammals
21,Stressor.PhysicalInteraction
21,Technology.Current.Tidal
22,Management.DesignFeature
22,Phase.3OperationsandMaintenance
22,Receptor.Birds
22,Receptor.Fish
22,Receptor.Habitat
22,Receptor.Habitat.Benthos
22,Receptor.MarineMammals
22,Receptor.Reptiles
22,Stressor.PhysicalInteraction.ChangesinFlow
22,Technology.Current.Tidal
23,Management.DesignFeature
23,Phase.2Construction
23,Receptor.Birds
23,Receptor.Fish
23,Receptor.Habitat
23,Receptor.Habitat.Benthos
23,Receptor.MarineMammals
23,Receptor.Reptiles
23,Stressor.BehavioralInteraction.Displacement
23,Technology.Current.Tidal
23,Technology.Wave
24,Management.DesignFeature
24,Management.Mitigation
24,Phase.3OperationsandMaintenance
24,Receptor.Habitat.Benthos
24,Stressor.InvasiveSpecies
24,Technology.Current.Tidal
25,Management.Mitigation
25,Phase.2Construction
25,Phase.3OperationsandMaintenance
25,Phase.4Decommissioning
25,Receptor.Fish
25,Receptor.PhysicalEnvironment.SedimentTransport
25,Stressor.PhysicalInteraction
25,Technology.Current.Tidal
25,Technology.Wave
26,Consequence.EntanglementEntrapment
26,Management.Mitigation
26,Phase.3OperationsandMaintenance
26,Receptor.MarineMammals
26,Stressor.PhysicalInteraction
26,Technology.Current.Tidal
26,Technology.Wave
27,Management.DesignFeature
27,Phase.2Construction
27,Receptor.Fish
27,Receptor.Fish.PelagicFish
27,Stressor.EMF
27,Technology.Current.Tidal
27,Technology.Wave
28,Management.DesignFeature
28,Phase.2Construction
28,Phase.3OperationsandMaintenance
28,Receptor.Habitat
28,Receptor.Habitat.Intertidal
28,Stressor.HabitatChange
28,Technology.Wave
29,Management.Mitigation
29,Phase.2Construction
29,Phase.3OperationsandMaintenance
29,Phase.4Decommissioning
29,Receptor.Habitat.Benthos
29,Receptor.MarineMammals
29,Receptor.Reptiles
29,Stressor.BehavioralInteraction.Displacement
29,Technology.Current.Tidal
29,Technology.Wave
30,Management.DesignFeature
30,Phase.2Construction
30,Phase.3OperationsandMaintenance
30,Phase.4Decommissioning
30,Receptor.Birds
30,Stressor.BehavioralInteraction.Displacement
30,Technology.Current.Tidal
30,Technology.Wave
31,Consequence.Collision
31,Management.DesignFeature
31,Management.Mitigation
31,Phase.3OperationsandMaintenance
31,Receptor.MarineMammals
31,Stressor.PhysicalInteraction
31,Technology.Current.Tidal
32,Management.DesignFeature
32,Phase.2Construction
32,Phase.3OperationsandMaintenance
32,Phase.4Decommissioning
32,Receptor.Habitat.Benthos
32,Receptor.MarineMammals
32,Receptor.Reptiles
32,Stressor.PhysicalInteraction.Chemicals
32,Technology.Current.Tidal
32,Technology.Wave
33,Management.DesignFeature
33,Phase.3OperationsandMaintenance
33,Receptor.Birds
33,Receptor.Birds.Seabirds
33,Receptor.Fish
33,Stressor.PhysicalInteraction.ChangesinFlow
33,Technology.Current.Tidal
34,Management.DesignFeature
34,Phase.2Construction
34,Receptor.Fish
34,Receptor.Habitat
34,Receptor.MarineMammals
34,Stressor.BehavioralInteraction.Displacement
34,Technology.Current.Tidal
34,Technology.Wave
35,Management.Mitigation
35,Phase.2Construction
35,Phase.4Decommissioning
35,Receptor.Birds
35,Receptor.Birds.Seabirds
35,Stressor.Noise.Airborne
35,Technology.Current.Tidal
35,Technology.Wave
36,Management.DesignFeature
36,Phase.2Construction
36,Phase.3OperationsandMaintenance
36,Phase.4Decommissioning
36,Receptor.Fish
36,Receptor.PhysicalEnvironment.SedimentTransport
36,Stressor.PhysicalInteraction
36,Technology.Current.Tidal
36,Technology.Wave
37,Consequence.EntanglementEntrapment
37,Management.Mitigation
37,Phase.3OperationsandMaintenance
37,Receptor.Habitat.Benthos
37,Receptor.MarineMammals
37,Receptor.Reptiles
37,Stressor.PhysicalInteraction
37,Technology.Current.Tidal
37,Technology.Wave
38,Management.DesignFeature
38,Phase.3OperationsandMaintenance
38,Receptor.Fish
38,Receptor.Fish.DemersalFish
38,Stressor.EMF
38,Technology.Current.Tidal
38,Technology.Wave
39,Management.DesignFeature
39,Phase.2Construction
39,Receptor.Habitat
39,Receptor.Habitat.Intertidal
39,Stressor.HabitatChange
39,Technology.Current.Tidal
39,Technology.Wave
40,Management.DesignFeature
40,Phase.2Construction
40,Phase.3OperationsandMaintenance
40,Phase.4Decommissioning
40,Receptor.Habitat.Benthos
40,Receptor.MarineMammals
40,Stressor.BehavioralInteraction.Displacement
40,Technology.Current.Tidal
40,Technology.Wave
41,Consequence.EntanglementEntrapment
41,Management.DesignFeature
41,Phase.3OperationsandMaintenance
41,Receptor.Birds
41,Receptor.Birds.Seabirds
41,Stressor.PhysicalInteraction
41,Technology.Current.Tidal
41,Technology.Wave
42,Consequence.Collision
42,Management.Monitoring
42,Phase.3OperationsandMaintenance
42,Receptor.MarineMammals
42,Stressor.PhysicalInteraction
42,Technology.Current.Tidal
43,Management.Mitigation
43,Phase.2Construction
43,Phase.3OperationsandMaintenance
43,Phase.4Decommissioning
43,Receptor.Reptiles
43,Stressor.PhysicalInteraction.Chemicals
43,Technology.Current.Tidal
43,Technology.Wave
44,Consequence.Collision
44,Management.Monitoring
44,Phase.3OperationsandMaintenance
44,Receptor.Birds
44,Receptor.Birds.Seabirds
44,Receptor.Fish
44,Stressor.PhysicalInteraction
44,Technology.Current.Tidal
45,Management.DesignFeature
45,Phase.2Construction
45,Phase.3OperationsandMaintenance
45,Phase.4Decommissioning
45,Receptor.Fish
45,Receptor.PhysicalEnvironment.SedimentTransport
45,Stressor.PhysicalInteraction
45,Technology.Current.Tidal
45,Technology.Wave
46,Management.Monitoring
46,Phase.3OperationsandMaintenance
46,Receptor.MarineMammals
46,Stressor.HabitatChange
46,Technology.Current.Tidal
46,Technology.Wave
47,Management.DesignFeature
47,Phase.3OperationsandMaintenance
47,Receptor.Fish
47,Receptor.Fish.DemersalFish
47,Receptor.Habitat.Benthos
47,Receptor.Habitat.Benthos
47,Receptor.Invertebrates
47,Stressor.EMF
47,Technology.Current.Tidal
47,Technology.Wave
48,Management.DesignFeature
48,Phase.2Construction
48,Phase.4Decommissioning
48,Receptor.Fish.DemersalFish
48,Receptor.Habitat
48,Receptor.Habitat.Benthos
48,Receptor.Habitat.Benthos
48,Receptor.Invertebrates
48,Stressor.HabitatChange
48,Technology.Current.Tidal
48,Technology.Wave
49,Management.Monitoring
49,Phase.3OperationsandMaintenance
49,Receptor.Habitat
49,Receptor.Habitat.Benthos
49,Receptor.Habitat.Benthos
49,Receptor.Invertebrates
49,Stressor.PhysicalInteraction.ChangesinFlow
49,Technology.Wave
50,Consequence.EntanglementEntrapment
50,Management.DesignFeature
50,Management.Monitoring
50,Phase.3OperationsandMaintenance
50,Receptor.Birds
50,Receptor.Birds.Seabirds
50,Receptor.Fish
50,Receptor.Fish
50,Receptor.Fish.Sharks
50,Stressor.PhysicalInteraction
50,Technology.Current.Tidal
50,Technology.Wave
51,Consequence.Collision
51,Management.Mitigation
51,Phase.3OperationsandMaintenance
51,Receptor.MarineMammals
51,Stressor.PhysicalInteraction
51,Technology.Current.Tidal
52,Management.Mitigation
52,Phase.2Construction
52,Phase.3OperationsandMaintenance
52,Phase.4Decommissioning
52,Receptor.Birds
52,Receptor.Fish
52,Receptor.Habitat
52,Receptor.Habitat.Benthos
52,Receptor.MarineMammals
52,Receptor.Reptiles
52,Stressor.PhysicalInteraction.Chemicals
52,Technology.Current.Tidal
52,Technology.Wave
53,Consequence.Collision
53,Management.Mitigation
53,Phase.3OperationsandMaintenance
53,Receptor.Fish
53,Receptor.Fish.Sharks
53,Stressor.PhysicalInteraction
53,Technology.Current.Tidal
54,Management.Monitoring
54,Phase.2Construction
54,Receptor.Birds
54,Stressor.BehavioralInteraction.Displacement
54,Technology.Current.Tidal
54,Technology.Wave
55,Management.Monitoring
55,Phase.2Construction
55,Phase.3OperationsandMaintenance
55,Phase.4Decommissioning
55,Receptor.Fish
55,Receptor.PhysicalEnvironment.SedimentTransport
55,Stressor.PhysicalInteraction
55,Technology.Current.Tidal
55,Technology.Wave
56,Management.DesignFeature
56,Phase.3OperationsandMaintenance
56,Receptor.Birds
56,Receptor.Birds.Seabirds
56,Receptor.MarineMammals
56,Stressor.Lighting
56,Technology.Current.Tidal
56,Technology.Wave
57,Consequence.EntanglementEntrapment
57,Management.DesignFeature
57,Phase.3OperationsandMaintenance
57,Receptor.Fish
57,Receptor.Fish
57,Receptor.Fish.Sharks
57,Stressor.PhysicalInteraction
57,Technology.Current.Tidal
57,Technology.Wave
58,Management.DesignFeature
58,Phase.2Construction
58,Phase.4Decommissioning
58,Receptor.Fish.DemersalFish
58,Receptor.Habitat
58,Receptor.Habitat.Benthos
58,Receptor.Invertebrates
58,Stressor.HabitatChange
58,Technology.Current.Tidal
58,Technology.Wave
59,Management.Monitoring
59,Phase.3OperationsandMaintenance
59,Receptor.Habitat.Benthos
59,Receptor.Habitat.Benthos
59,Receptor.Invertebrates
59,Stressor.PhysicalInteraction.ChangesinFlow
59,Technology.Wave
60,Consequence.EntanglementEntrapment
60,Management.Compliance
60,Management.Monitoring
60,Phase.3OperationsandMaintenance
60,Receptor.Birds
60,Receptor.Birds.Seabirds
60,Receptor.Fish
60,Receptor.Fish
60,Receptor.Fish.Sharks
60,Receptor.MarineMammals
60,Receptor.MarineMammals.Cetaceans
60,Receptor.Reptiles
60,Receptor.Reptiles
60,Stressor.PhysicalInteraction
60,Technology.Current.Tidal
60,Technology.Wave
61,Consequence.Collision
61,Management.Monitoring
61,Phase.3OperationsandMaintenance
61,Receptor.MarineMammals
61,Stressor.PhysicalInteraction
61,Technology.Current.Tidal
62,Management.Compliance
62,Management.Mitigation
62,Phase.2Construction
62,Phase.3OperationsandMaintenance
62,Phase.4Decommissioning
62,Receptor.Reptiles
62,Stressor.PhysicalInteraction.Chemicals
62,Technology.Current.Tidal
62,Technology.Wave
63,Consequence.Collision
63,Management.Monitoring
63,Phase.3OperationsandMaintenance
63,Receptor.Fish
63,Stressor.PhysicalInteraction
63,Technology.Current.Tidal
64,Management.Mitigation
64,Phase.2Construction
64,Phase.4Decommissioning
64,Receptor.Birds
64,Receptor.Habitat
64,Receptor.Habitat.Benthos
64,Receptor.MarineMammals
64,Receptor.PhysicalEnvironment.SedimentTransport
64,Receptor.Reptiles
64,Stressor.PhysicalInteraction
64,Technology.Current.Tidal
64,Technology.Wave
65,Management.Monitoring
65,Phase.3OperationsandMaintenance
65,Receptor.Birds
65,Receptor.Birds.Seabirds
65,Receptor.Fish
65,Stressor.PhysicalInteraction.ChangesinFlow
65,Technology.Current.Tidal
66,Management.Monitoring
66,Phase.3OperationsandMaintenance
66,Receptor.Birds
66,Receptor.Birds.Seabirds
66,Receptor.MarineMammals
66,Stressor.Lighting
66,Technology.Current.Tidal
66,Technology.Wave
67,Consequence.EntanglementEntrapment
67,Management.DesignFeature
67,Phase.3OperationsandMaintenance
67,Receptor.Fish
67,Receptor.Fish
67,Receptor.Fish.Sharks
67,Stressor.PhysicalInteraction
67,Technology.Current.Tidal
67,Technology.Wave
68,Management.DesignFeature
68,Phase.2Construction
68,Phase.4Decommissioning
68,Receptor.Fish
68,Receptor.Fish.DemersalFish
68,Receptor.Fish.DemersalFish
68,Receptor.Habitat
68,Receptor.Habitat.Benthos
68,Receptor.Habitat.Benthos
68,Receptor.Invertebrates
68,Stressor.HabitatChange
68,Technology.Current.Tidal
68,Technology.Wave
69,Management.DesignFeature
69,Phase.3OperationsandMaintenance
69,Receptor.Habitat
69,Receptor.Habitat.Benthos
69,Receptor.Habitat.Benthos
69,Receptor.Invertebrates
69,Stressor.EMF
69,Technology.Current.Tidal
69,Technology.Wave
70,Consequence.EntanglementEntrapment
70,Management.DesignFeature
70,Management.Monitoring
70,Phase.3OperationsandMaintenance
70,Receptor.Birds
70,Receptor.Birds.Seabirds
70,Receptor.Fish
70,Receptor.Fish
70,Receptor.Fish.Sharks
70,Stressor.PhysicalInteraction
70,Technology.Current.Tidal
70,Technology.Wave
71,Consequence.Collision
71,Management.Mitigation
71,Phase.3OperationsandMaintenance
71,Receptor.MarineMammals
71,Stressor.PhysicalInteraction
71,Technology.Current.Tidal
72,Management.DesignFeature
72,Phase.3OperationsandMaintenance
72,Receptor.Reptiles
72,Stressor.BehavioralInteraction.Displacement
72,Technology.Current.Tidal
72,Technology.Wave
73,Consequence.Collision
73,Management.Mitigation
73,Phase.3OperationsandMaintenance
73,Receptor.Fish
73,Stressor.PhysicalInteraction
73,Technology.Current.Tidal
74,Management.Monitoring
74,Phase.3OperationsandMaintenance
74,Receptor.Habitat
74,Receptor.Habitat.Benthos
74,Receptor.PhysicalEnvironment.SedimentTransport
74,Stressor.PhysicalInteraction
74,Technology.Current.Tidal
74,Technology.Wave
75,Management.DesignFeature
75,Phase.2Construction
75,Receptor.Birds
75,Stressor.BehavioralInteraction.Displacement
75,Technology.Current.Tidal
75,Technology.Wave
76,Management.Monitoring
76,Phase.3OperationsandMaintenance
76,Receptor.Birds
76,Receptor.Fish
76,Receptor.Habitat
76,Receptor.Habitat.Benthos
76,Receptor.Reptiles
76,Stressor.PhysicalInteraction.ChangesinFlow
76,Technology.Current.Tidal
77,Management.Mitigation
77,Phase.2Construction
77,Phase.3OperationsandMaintenance
77,Phase.4Decommissioning
77,Receptor.Birds
77,Receptor.Habitat.Benthos
77,Receptor.MarineMammals
77,Stressor.InvasiveSpecies
77,Technology.Current.Tidal
77,Technology.Wave
78,Consequence.EntanglementEntrapment
78,Management.DesignFeature
78,Management.Monitoring
78,Phase.3OperationsandMaintenance
78,Receptor.Fish
78,Receptor.Fish
78,Receptor.Fish.Sharks
78,Stressor.PhysicalInteraction
78,Technology.Current.Tidal
78,Technology.Wave
79,Management.Mitigation
79,Phase.2Construction
79,Phase.4Decommissioning
79,Receptor.Fish
79,Receptor.Fish.DemersalFish
79,Receptor.Fish.DemersalFish
79,Receptor.Habitat
79,Receptor.Habitat.Benthos
79,Receptor.Invertebrates
79,Stressor.HabitatChange
79,Technology.Current.Tidal
79,Technology.Wave
80,Management.DesignFeature
80,Phase.3OperationsandMaintenance
80,Receptor.Habitat.Benthos
80,Receptor.Habitat.Benthos
80,Receptor.Invertebrates
80,Stressor.EMF
80,Technology.Current.Tidal
80,Technology.Wave
81,Consequence.EntanglementEntrapment
81,Management.Mitigation
81,Phase.3OperationsandMaintenance
81,Receptor.Birds
81,Receptor.Birds.Seabirds
81,Receptor.Fish
81,Receptor.Fish
81,Receptor.Fish.Sharks
81,Receptor.MarineMammals
81,Receptor.MarineMammals.Cetaceans
81,Stressor.PhysicalInteraction
81,Technology.Current.Tidal
81,Technology.Wave
82,Consequence.Collision
82,Management.Mitigation
82,Phase.3OperationsandMaintenance
82,Receptor.Birds
82,Receptor.Birds.Seabirds
82,Receptor.MarineMammals
82,Stressor.PhysicalInteraction
82,Technology.Current.Tidal
83,Consequence.Collision
83,Management.Mitigation
83,Phase.3OperationsandMaintenance
83,Receptor.Fish
83,Receptor.MarineMammals
83,Stressor.PhysicalInteraction
83,Technology.Current.Tidal
84,Management.DesignFeature
84,Phase.3OperationsandMaintenance
84,Receptor.Habitat
84,Receptor.Habitat.Benthos
84,Receptor.PhysicalEnvironment.SedimentTransport
84,Stressor.PhysicalInteraction
84,Technology.Current.Tidal
84,Technology.Wave
85,Management.Compliance
85,Management.Mitigation
85,Phase.2Construction
85,Phase.3OperationsandMaintenance
85,Phase.4Decommissioning
85,Receptor.Birds
85,Receptor.Habitat.Benthos
85,Receptor.MarineMammals
85,Stressor.InvasiveSpecies
85,Technology.Current.Tidal
85,Technology.Wave
86,Management.DesignFeature
86,Phase.2Construction
86,Phase.4Decommissioning
86,Receptor.Fish
86,Receptor.Fish.DemersalFish
86,Receptor.Fish.DemersalFish
86,Receptor.Habitat
86,Receptor.Habitat.Benthos
86,Receptor.Habitat.Benthos
86,Receptor.Invertebrates
86,Stressor.HabitatChange
86,Technology.Current.Tidal
86,Technology.Wave
87,Management.DesignFeature
87,Phase.3OperationsandMaintenance
87,Receptor.Habitat
87,Receptor.Habitat.Benthos
87,Receptor.Habitat.Benthos
87,Receptor.Invertebrates
87,Stressor.EMF
87,Technology.Current.Tidal
87,Technology.Wave
88,Consequence.EntanglementEntrapment
88,Management.DesignFeature
88,Phase.3OperationsandMaintenance
88,Receptor.Birds
88,Receptor.Birds.Seabirds
88,Stressor.PhysicalInteraction
88,Technology.Current.Tidal
88,Technology.Wave
89,Consequence.Collision
89,Management.DesignFeature
89,Phase.3OperationsandMaintenance
89,Receptor.Fish
89,Receptor.MarineMammals
89,Stressor.PhysicalInteraction
89,Technology.Current.Tidal
89,Technology.Wave
90,Management.DesignFeature
90,Phase.2Construction
90,Phase.3OperationsandMaintenance
90,Phase.4Decommissioning
90,Receptor.Reptiles
90,Stressor.BehavioralInteraction.Displacement
90,Technology.Current.Tidal
90,Technology.Wave
91,Management.DesignFeature
91,Phase.2Construction
91,Phase.3OperationsandMaintenance
91,Phase.4Decommissioning
91,Receptor.Habitat
91,Receptor.Habitat.Benthos
91,Receptor.PhysicalEnvironment.SedimentTransport
91,Stressor.PhysicalInteraction
91,Technology.Current.Tidal
91,Technology.Wave
92,Management.Mitigation
92,Phase.2Construction
92,Phase.3OperationsandMaintenance
92,Phase.4Decommissioning
92,Receptor.Birds
92,Receptor.Habitat.Benthos
92,Receptor.MarineMammals
92,Stressor.InvasiveSpecies
92,Technology.Current.Tidal
92,Technology.Wave
93,Management.Compliance
93,Phase.2Construction
93,Phase.3OperationsandMaintenance
93,Phase.4Decommissioning
93,Receptor.Fish
93,Receptor.Habitat
93,Receptor.Habitat.Benthos
93,Stressor.InvasiveSpecies
93,Technology.Current.Tidal
93,Technology.Wave
94,Consequence.EntanglementEntrapment
94,Management.Monitoring
94,Phase.3OperationsandMaintenance
94,Receptor.Birds
94,Receptor.Birds.Seabirds
94,Stressor.PhysicalInteraction
94,Technology.Current.Tidal
94,Technology.Wave
95,Consequence.Collision
95,Management.Mitigation
95,Phase.3OperationsandMaintenance
95,Receptor.Birds
95,Receptor.Birds.Seabirds
95,Receptor.MarineMammals
95,Stressor.PhysicalInteraction
95,Technology.Current.Tidal
96,Consequence.EntanglementEntrapment
96,Management.DesignFeature
96,Phase.3OperationsandMaintenance
96,Receptor.Reptiles
96,Receptor.Reptiles
96,Stressor.PhysicalInteraction
96,Technology.Current.Tidal
96,Technology.Wave
97,Management.Monitoring
97,Phase.3OperationsandMaintenance
97,Receptor.Habitat
97,Receptor.Habitat.Benthos
97,Receptor.Invertebrates
97,Stressor.PhysicalInteraction.ChangesinFlow
97,Technology.Current.Tidal
98,Management.Compliance
98,Phase.2Construction
98,Phase.3OperationsandMaintenance
98,Phase.4Decommissioning
98,Receptor.MarineMammals
98,Receptor.Reptiles
98,Stressor.InvasiveSpecies
98,Technology.Current.Tidal
98,Technology.Wave
99,Management.Mitigation
99,Phase.2Construction
99,Phase.3OperationsandMaintenance
99,Phase.4Decommissioning
99,Receptor.Habitat
99,Stressor.InvasiveSpecies
99,Technology.Current.Tidal
99,Technology.Wave
100,Management.DesignFeature
100,Phase.3OperationsandMaintenance
100,Receptor.Habitat
100,Receptor.Habitat.Benthos
100,Receptor.Habitat.Benthos
100,Receptor.Invertebrates
100,Stressor.EMF
100,Technology.Current.Tidal
100,Technology.Wave
101,Consequence.EntanglementEntrapment
101,Management.Monitoring
101,Phase.3OperationsandMaintenance
101,Receptor.MarineMammals
101,Receptor.MarineMammals.Cetaceans
101,Receptor.Reptiles
101,Receptor.Reptiles
101,Stressor.PhysicalInteraction
101,Technology.Current.Tidal
101,Technology.Wave
102,Management.Monitoring
102,Phase.2Construction
102,Phase.3OperationsandMaintenance
102,Phase.4Decommissioning
102,Receptor.Fish
102,Receptor.MarineMammals
102,Receptor.Reptiles
102,Stressor.InvasiveSpecies
102,Technology.Current.Tidal
102,Technology.Wave
103,Management.Compliance
103,Management.Mitigation
103,Phase.2Construction
103,Phase.3OperationsandMaintenance
103,Phase.4Decommissioning
103,Receptor.Habitat
103,Stressor.InvasiveSpecies
103,Technology.Current.Tidal
103,Technology.Wave
104,Management.DesignFeature
104,Phase.3OperationsandMaintenance
104,Receptor.Fish
104,Receptor.Fish.DemersalFish
104,Receptor.Habitat.Benthos
104,Receptor.Habitat.Benthos
104,Receptor.Invertebrates
104,Stressor.EMF
104,Technology.Current.Tidal
104,Technology.Wave
105,Consequence.EntanglementEntrapment
105,Management.Mitigation
105,Phase.3OperationsandMaintenance
105,Receptor.Birds
105,Receptor.Fish
105,Stressor.PhysicalInteraction
105,Technology.Current.Tidal
105,Technology.Wave
106,Management.DesignFeature
106,Phase.3OperationsandMaintenance
106,Receptor.Habitat
106,Receptor.Habitat.Benthos
106,Receptor.Habitat.Benthos
106,Receptor.Invertebrates
106,Stressor.EMF
106,Technology.Current.Tidal
106,Technology.Wave
107,Management.Monitoring
107,Phase.3OperationsandMaintenance
107,Receptor.Birds
107,Stressor.HabitatChange
107,Technology.Current.Tidal
107,Technology.Wave
108,Management.DesignFeature
108,Phase.2Construction
108,Phase.3OperationsandMaintenance
108,Phase.4Decommissioning
108,Receptor.Fish
108,Stressor.PhysicalInteraction.Chemicals
108,Technology.Current.Tidal
108,Technology.Wave
109,Management.Mitigation
109,Phase.2Construction
109,Phase.4Decommissioning
109,Receptor.MarineMammals
109,Stressor.Noise.Underwater
109,Technology.Current.Tidal
109,Technology.Wave
110,Management.Mitigation
110,Phase.2Construction
110,Phase.3OperationsandMaintenance
110,Phase.4Decommissioning
110,Receptor.Habitat
110,Stressor.InvasiveSpecies
110,Technology.Current.Tidal
110,Technology.Wave
111,Management.DesignFeature
111,Phase.3OperationsandMaintenance
111,Receptor.Fish
111,Receptor.Fish.DemersalFish
111,Receptor.Habitat.Benthos
111,Receptor.Habitat.Benthos
111,Receptor.Invertebrates
111,Stressor.EMF
111,Technology.Current.Tidal
111,Technology.Wave
112,Management.Mitigation
112,Phase.2Construction
112,Phase.3OperationsandMaintenance
112,Phase.4Decommissioning
112,Receptor.Birds
112,Receptor.MarineMammals
112,Stressor.PhysicalInteraction.Chemicals
112,Technology.Current.Tidal
112,Technology.Wave
113,Consequence.EntanglementEntrapment
113,Management.DesignFeature
113,Management.Monitoring
113,Phase.3OperationsandMaintenance
113,Receptor.MarineMammals
113,Receptor.MarineMammals.Cetaceans
113,Receptor.Reptiles
113,Receptor.Reptiles
113,Stressor.PhysicalInteraction
113,Technology.Current.Tidal
113,Technology.Wave
114,Management.Mitigation
114,Phase.2Construction
114,Phase.3OperationsandMaintenance
114,Phase.4Decommissioning
114,Receptor.Fish
114,Stressor.PhysicalInteraction.Chemicals
114,Technology.Current.Tidal
114,Technology.Wave
115,Management.Monitoring
115,Phase.3OperationsandMaintenance
115,Receptor.Habitat
115,Receptor.Habitat.Benthos
115,Receptor.MarineMammals
115,Stressor.PhysicalInteraction.ChangesinFlow
115,Technology.Current.Tidal
116,Management.Monitoring
116,Phase.3OperationsandMaintenance
116,Receptor.MarineMammals
116,Stressor.Noise.Underwater
116,Technology.Current.Tidal
116,Technology.Wave
117,Consequence.EntanglementEntrapment
117,Management.Mitigation
117,Phase.3OperationsandMaintenance
117,Receptor.Fish
117,Receptor.Fish
117,Receptor.Fish.Sharks
117,Stressor.PhysicalInteraction
117,Technology.Current.Tidal
117,Technology.Wave
118,Management.DesignFeature
118,Management.Mitigation
118,Phase.3OperationsandMaintenance
118,Receptor.Habitat
118,Stressor.InvasiveSpecies
118,Technology.Current.Tidal
119,Management.DesignFeature
119,Phase.2Construction
119,Receptor.Habitat.Benthos
119,Receptor.Habitat.Benthos
119,Receptor.Invertebrates
119,Stressor.EMF
119,Technology.Current.Tidal
119,Technology.Wave
120,Consequence.EntanglementEntrapment
120,Management.Mitigation
120,Phase.3OperationsandMaintenance
120,Receptor.Reptiles
120,Receptor.Reptiles
120,Stressor.PhysicalInteraction
120,Technology.Current.Tidal
120,Technology.Wave
121,Management.DesignFeature
121,Phase.2Construction
121,Receptor.Habitat.Benthos
121,Receptor.Reptiles
121,Stressor.BehavioralInteraction.Displacement
121,Technology.Current.Tidal
121,Technology.Wave
122,Management.Mitigation
122,Phase.2Construction
122,Phase.3OperationsandMaintenance
122,Phase.4Decommissioning
122,Receptor.Fish
122,Receptor.MarineMammals
122,Stressor.Noise.Underwater
122,Technology.Current.Tidal
122,Technology.Wave
123,Management.Mitigation
123,Phase.2Construction
123,Phase.4Decommissioning
123,Receptor.MarineMammals
123,Stressor.Noise.Airborne
123,Technology.Current.Tidal
123,Technology.Wave
124,Management.DesignFeature
124,Phase.3OperationsandMaintenance
124,Receptor.Fish
124,Receptor.Fish.DemersalFish
124,Receptor.Habitat.Benthos
124,Receptor.Habitat.Benthos
124,Receptor.Invertebrates
124,Stressor.EMF
124,Technology.Current.Tidal
124,Technology.Wave
125,Management.Mitigation
125,Phase.2Construction
125,Receptor.Birds
125,Receptor.Birds.Seabirds
125,Stressor.Lighting
125,Technology.Current.Tidal
125,Technology.Wave
126,Management.Compliance
126,Management.Mitigation
126,Phase.2Construction
126,Phase.3OperationsandMaintenance
126,Phase.4Decommissioning
126,Receptor.MarineMammals
126,Stressor.PhysicalInteraction.Chemicals
126,Technology.Current.Tidal
126,Technology.Wave
127,Management.Compliance
127,Management.Mitigation
127,Phase.2Construction
127,Phase.3OperationsandMaintenance
127,Phase.4Decommissioning
127,Receptor.Birds
127,Receptor.Fish
127,Receptor.Habitat
127,Receptor.Habitat.Benthos
127,Stressor.PhysicalInteraction.Chemicals
127,Technology.Current.Tidal
127,Technology.Wave
128,Management.DesignFeature
128,Phase.2Construction
128,Phase.3OperationsandMaintenance
128,Phase.4Decommissioning
128,Receptor.Birds
128,Receptor.Habitat
128,Stressor.PhysicalInteraction.Chemicals
128,Technology.Current.Tidal
128,Technology.Wave
129,Management.Monitoring
129,Phase.3OperationsandMaintenance
129,Receptor.Fish
129,Receptor.Reptiles
129,Stressor.HabitatChange
129,Technology.Current.Tidal
129,Technology.Wave
130,Management.DesignFeature
130,Phase.3OperationsandMaintenance
130,Receptor.Fish
130,Receptor.Fish.DemersalFish
130,Receptor.Habitat.Benthos
130,Receptor.Habitat.Benthos
130,Receptor.Invertebrates
130,Stressor.EMF
130,Technology.Current.Tidal
130,Technology.Wave
131,Management.Mitigation
131,Phase.2Construction
131,Phase.3OperationsandMaintenance
131,Phase.4Decommissioning
131,Receptor.Fish
131,Receptor.Habitat
131,Receptor.Habitat.Benthos
131,Receptor.MarineMammals
131,Stressor.PhysicalInteraction.Chemicals
131,Technology.Current.Tidal
131,Technology.Wave
132,Consequence.EntanglementEntrapment
132,Management.Mitigation
132,Phase.3OperationsandMaintenance
132,Receptor.Reptiles
132,Stressor.PhysicalInteraction
132,Technology.Current.Tidal
132,Technology.Wave
133,Management.Mitigation
133,Phase.2Construction
133,Phase.3OperationsandMaintenance
133,Phase.4Decommissioning
133,Receptor.Habitat
133,Stressor.PhysicalInteraction.Chemicals
133,Technology.Current.Tidal
133,Technology.Wave
134,Management.Monitoring
134,Phase.3OperationsandMaintenance
134,Receptor.Fish.DemersalFish
134,Receptor.Habitat.Benthos
134,Receptor.Habitat.Benthos
134,Receptor.Invertebrates
134,Receptor.PhysicalEnvironment.SedimentTransport
134,Stressor.PhysicalInteraction
134,Technology.Current.Tidal
134,Technology.Wave
135,Management.DesignFeature
135,Phase.3OperationsandMaintenance
135,Receptor.Birds
135,Receptor.Birds.Seabirds
135,Stressor.PhysicalInteraction.ChangesinFlow
135,Technology.Current.Tidal
136,Consequence.Collision
136,Management.Mitigation
136,Phase.2Construction
136,Phase.3OperationsandMaintenance
136,Phase.4Decommissioning
136,Receptor.MarineMammals
136,Receptor.MarineMammals.Cetaceans
136,Stressor.PhysicalInteraction
136,Technology.Current.Tidal
136,Technology.Wave
137,Management.DesignFeature
137,Phase.2Construction
137,Phase.4Decommissioning
137,Receptor.Fish
137,Receptor.Fish.DemersalFish
137,Stressor.HabitatChange
137,Technology.Current.Tidal
137,Technology.Wave
138,Management.DesignFeature
138,Phase.3OperationsandMaintenance
138,Receptor.Fish
138,Receptor.Fish.DemersalFish
138,Receptor.Habitat.Benthos
138,Receptor.Habitat.Benthos
138,Receptor.Invertebrates
138,Stressor.EMF
138,Technology.Current.Tidal
138,Technology.Wave
139,Management.Compliance
139,Phase.2Construction
139,Phase.3OperationsandMaintenance
139,Phase.4Decommissioning
139,Receptor.Birds
139,Stressor.InvasiveSpecies
139,Technology.Current.Tidal
139,Technology.Wave
140,Phase.3OperationsandMaintenance
140,Receptor.Fish
140,Receptor.Fish
140,Receptor.Fish.Sharks
140,Stressor.BehavioralInteraction.Displacement
140,Technology.Current.Tidal
140,Technology.Wave
141,Management.DesignFeature
141,Phase.2Construction
141,Phase.3OperationsandMaintenance
141,Receptor.Fish.DemersalFish
141,Receptor.Habitat.Benthos
141,Receptor.Habitat.Benthos
141,Receptor.Invertebrates
141,Receptor.PhysicalEnvironment.SedimentTransport
141,Stressor.PhysicalInteraction
141,Technology.Current.Tidal
141,Technology.Wave
142,Management.Monitoring
142,Phase.3OperationsandMaintenance
142,Receptor.Birds
142,Receptor.Birds.Seabirds
142,Stressor.PhysicalInteraction.ChangesinFlow
142,Technology.Current.Tidal
143,Management.DesignFeature
143,Phase.2Construction
143,Phase.4Decommissioning
143,Receptor.Fish
143,Receptor.Fish.DemersalFish
143,Stressor.HabitatChange
143,Technology.Current.Tidal
143,Technology.Wave
144,Management.DesignFeature
144,Phase.3OperationsandMaintenance
144,Receptor.Fish
144,Receptor.Fish.DemersalFish
144,Receptor.Habitat.Benthos
144,Receptor.Habitat.Benthos
144,Receptor.Invertebrates
144,Receptor.MarineMammals
144,Stressor.EMF
144,Technology.Current.Tidal
144,Technology.Wave
145,Management.Mitigation
145,Phase.2Construction
145,Receptor.Habitat
145,Stressor.PhysicalInteraction.Chemicals
145,Technology.Current.Tidal
145,Technology.Wave
146,Management.Mitigation
146,Phase.2Construction
146,Phase.4Decommissioning
146,Receptor.Habitat.Benthos
146,Receptor.PhysicalEnvironment.SedimentTransport
146,Stressor.PhysicalInteraction
146,Technology.Current.Tidal
146,Technology.Wave
147,Management.Monitoring
147,Phase.2Construction
147,Phase.3OperationsandMaintenance
147,Phase.4Decommissioning
147,Receptor.MarineMammals
147,Receptor.Reptiles
147,Stressor.BehavioralInteraction.Displacement
147,Technology.Current.Tidal
147,Technology.Wave
148,Phase.3OperationsandMaintenance
148,Receptor.MarineMammals
148,Stressor.BehavioralInteraction.Displacement
148,Technology.Current.Tidal
148,Technology.Wave
149,Management.Mitigation
149,Phase.2Construction
149,Phase.3OperationsandMaintenance
149,Phase.4Decommissioning
149,Receptor.MarineMammals
149,Receptor.MarineMammals.Pinnipeds
149,Stressor.BehavioralInteraction
149,Technology.Current.Tidal
149,Technology.Wave
150,Management.Mitigation
150,Phase.2Construction
150,Phase.3OperationsandMaintenance
150,Phase.4Decommissioning
150,Receptor.MarineMammals
150,Stressor.BehavioralInteraction.Displacement
150,Technology.Current.Tidal
150,Technology.Wave
151,Management.Mitigation
151,Phase.2Construction
151,Phase.3OperationsandMaintenance
151,Phase.4Decommissioning
151,Receptor.Reptiles
151,Stressor.InvasiveSpecies
151,Technology.Current.Tidal
151,Technology.Wave
152,Management.DesignFeature
152,Phase.2Construction
152,Phase.3OperationsandMaintenance
152,Phase.4Decommissioning
152,Receptor.Fish
152,Receptor.Habitat
152,Stressor.BehavioralInteraction.Displacement
152,Technology.Current.Tidal
152,Technology.Wave
153,Management.DesignFeature
153,Phase.2Construction
153,Phase.3OperationsandMaintenance
153,Phase.4Decommissioning
153,Receptor.Habitat.Benthos
153,Receptor.PhysicalEnvironment.SedimentTransport
153,Stressor.PhysicalInteraction
153,Technology.Current.Tidal
153,Technology.Wave
154,Consequence.Collision
154,Management.Monitoring
154,Phase.3OperationsandMaintenance
154,Receptor.Birds
154,Receptor.Birds.Seabirds
154,Stressor.PhysicalInteraction
154,Technology.Current.Tidal
155,Management.Mitigation
155,Phase.2Construction
155,Phase.3OperationsandMaintenance
155,Phase.4Decommissioning
155,Receptor.MarineMammals
155,Stressor.BehavioralInteraction
155,Technology.Current.Tidal
155,Technology.Wave
156,Management.Monitoring
156,Phase.3OperationsandMaintenance
156,Receptor.Habitat.Benthos
156,Stressor.HabitatChange
156,Technology.Current.Tidal
156,Technology.Wave
157,Management.DesignFeature
157,Phase.2Construction
157,Receptor.Birds
157,Stressor.InvasiveSpecies
157,Technology.Current.Tidal
157,Technology.Wave
158,Management.Compliance
158,Management.Mitigation
158,Phase.2Construction
158,Phase.3OperationsandMaintenance
158,Phase.4Decommissioning
158,Receptor.Reptiles
158,Stressor.InvasiveSpecies
158,Technology.Current.Tidal
158,Technology.Wave
159,Management.DesignFeature
159,Phase.3OperationsandMaintenance
159,Receptor.Fish
159,Receptor.Fish.PelagicFish
159,Receptor.Fish.Sharks
159,Stressor.EMF
159,Technology.Current.Tidal
159,Technology.Wave
160,Management.Monitoring
160,Phase.3OperationsandMaintenance
160,Receptor.Habitat.Benthos
160,Receptor.PhysicalEnvironment.SedimentTransport
160,Stressor.PhysicalInteraction
160,Technology.Current.Tidal
160,Technology.Wave
161,Consequence.Collision
161,Management.Mitigation
161,Phase.3OperationsandMaintenance
161,Receptor.Birds
161,Receptor.Birds.Seabirds
161,Stressor.PhysicalInteraction
161,Technology.Current.Tidal
162,Management.Mitigation
162,Phase.2Construction
162,Phase.3OperationsandMaintenance
162,Phase.4Decommissioning
162,Receptor.Birds
162,Receptor.Birds.Seabirds
162,Receptor.MarineMammals
162,Stressor.BehavioralInteraction
162,Technology.Current.Tidal
162,Technology.Wave
163,Management.DesignFeature
163,Phase.3OperationsandMaintenance
163,Receptor.Fish
163,Stressor.Lighting
163,Technology.Current.Tidal
163,Technology.Wave
164,Management.Monitoring
164,Phase.3OperationsandMaintenance
164,Receptor.MarineMammals
164,Stressor.PhysicalInteraction.ChangesinFlow
164,Technology.Current.Tidal
165,Management.Mitigation
165,Phase.2Construction
165,Phase.3OperationsandMaintenance
165,Phase.4Decommissioning
165,Receptor.Reptiles
165,Stressor.InvasiveSpecies
165,Technology.Current.Tidal
165,Technology.Wave
166,Management.Monitoring
166,Phase.3OperationsandMaintenance
166,Receptor.Habitat.Benthos
166,Receptor.Habitat.Benthos
166,Receptor.Invertebrates
166,Stressor.PhysicalInteraction.ChangesinFlow
166,Technology.Current.Tidal
167,Consequence.Collision
167,Management.Mitigation
167,Phase.3OperationsandMaintenance
167,Receptor.Birds
167,Receptor.Birds.Seabirds
167,Stressor.PhysicalInteraction
167,Technology.Current.Tidal
168,Management.Mitigation
168,Phase.2Construction
168,Phase.3OperationsandMaintenance
168,Phase.4Decommissioning
168,Receptor.MarineMammals
168,Receptor.MarineMammals.Pinnipeds
168,Stressor.BehavioralInteraction
168,Technology.Current.Tidal
168,Technology.Wave
169,Management.Monitoring
169,Phase.3OperationsandMaintenance
169,Receptor.MarineMammals
169,Stressor.PhysicalInteraction.ChangesinFlow
169,Technology.Current.Tidal
170,Management.DesignFeature
170,Phase.2Construction
170,Phase.4Decommissioning
170,Receptor.Fish.DemersalFish
170,Receptor.Habitat.Benthos
170,Receptor.Habitat.Benthos
170,Receptor.Invertebrates
170,Stressor.HabitatChange
170,Technology.Current.Tidal
170,Technology.Wave
171,Management.Mitigation
171,Phase.2Construction
171,Phase.4Decommissioning
171,Receptor.Birds
171,Receptor.Birds.Seabirds
171,Stressor.Noise.Underwater
171,Technology.Current.Tidal
171,Technology.Wave
172,Consequence.Collision
172,Management.DesignFeature
172,Phase.3OperationsandMaintenance
172,Receptor.Fish
172,Stressor.PhysicalInteraction
172,Technology.Current.Tidal
172,Technology.Wave
173,Management.Mitigation
173,Phase.4Decommissioning
173,Receptor.Birds
173,Receptor.MarineMammals
173,Receptor.MarineMammals.Cetaceans
173,Receptor.MarineMammals.Pinnipeds
173,Stressor.BehavioralInteraction
173,Technology.Current.Tidal
173,Technology.Wave
174,Management.Mitigation
174,Phase.2Construction
174,Phase.3OperationsandMaintenance
174,Phase.4Decommissioning
174,Receptor.Fish
174,Stressor.InvasiveSpecies
174,Technology.Current.Tidal
174,Technology.Wave
175,Management.Mitigation
175,Phase.2Construction
175,Phase.3OperationsandMaintenance
175,Phase.4Decommissioning
175,Receptor.Birds
175,Receptor.Birds.Seabirds
175,Stressor.BehavioralInteraction
175,Technology.Current.Tidal
175,Technology.Wave
176,Consequence.Collision
176,Management.Monitoring
176,Phase.2Construction
176,Receptor.Birds
176,Stressor.PhysicalInteraction
176,Technology.Current.Tidal
176,Technology.Wave
177,Management.Mitigation
177,Phase.4Decommissioning
177,Receptor.MarineMammals
177,Receptor.MarineMammals.Cetaceans
177,Receptor.MarineMammals.Pinnipeds
177,Stressor.BehavioralInteraction
177,Technology.Current.Tidal
177,Technology.Wave
178,Management.Compliance
178,Management.Mitigation
178,Phase.2Construction
178,Phase.3OperationsandMaintenance
178,Phase.4Decommissioning
178,Receptor.Fish
178,Stressor.InvasiveSpecies
178,Technology.Current.Tidal
178,Technology.Wave
179,Management.DesignFeature
179,Phase.3OperationsandMaintenance
179,Receptor.Fish
179,Receptor.MarineMammals
179,Stressor.PhysicalInteraction.ChangesinFlow
179,Technology.Current.Tidal
180,Management.Mitigation
180,Phase.2Construction
180,Phase.4Decommissioning
180,Receptor.Fish.DemersalFish
180,Receptor.Habitat.Benthos
180,Receptor.Habitat.Benthos
180,Receptor.Invertebrates
180,Stressor.HabitatChange
180,Technology.Current.Tidal
180,Technology.Wave
181,Management.Mitigation
181,Phase.2Construction
181,Phase.3OperationsandMaintenance
181,Phase.4Decommissioning
181,Receptor.Birds
181,Receptor.Birds.Seabirds
181,Stressor.BehavioralInteraction
181,Technology.Current.Tidal
181,Technology.Wave
182,Consequence.EntanglementEntrapment
182,Management.DesignFeature
182,Phase.3OperationsandMaintenance
182,Receptor.MarineMammals
182,Receptor.MarineMammals.Cetaceans
182,Stressor.PhysicalInteraction
182,Technology.Current.Tidal
182,Technology.Wave
183,Phase.3OperationsandMaintenance
183,Receptor.Habitat
183,Receptor.Habitat.Benthos
183,Receptor.Invertebrates
183,Stressor.PhysicalInteraction.ChangesinFlow
183,Technology.Wave
184,Management.Mitigation
184,Phase.2Construction
184,Phase.3OperationsandMaintenance
184,Phase.4Decommissioning
184,Receptor.Fish
184,Stressor.InvasiveSpecies
184,Technology.Current.Tidal
184,Technology.Wave
185,Management.Mitigation
185,Phase.2Construction
185,Phase.3OperationsandMaintenance
185,Phase.4Decommissioning
185,Receptor.Birds
185,Receptor.Birds.Seabirds
185,Stressor.BehavioralInteraction
185,Technology.Current.Tidal
185,Technology.Wave
186,Consequence.EntanglementEntrapment
186,Management.DesignFeature
186,Phase.3OperationsandMaintenance
186,Receptor.MarineMammals
186,Receptor.MarineMammals.Cetaceans
186,Stressor.PhysicalInteraction
186,Technology.Current.Tidal
186,Technology.Wave
187,Management.Monitoring
187,Phase.3OperationsandMaintenance
187,Receptor.MarineMammals
187,Stressor.PhysicalInteraction.ChangesinFlow
187,Technology.Current.Tidal
188,Management.Mitigation
188,Phase.2Construction
188,Phase.4Decommissioning
188,Receptor.Fish.DemersalFish
188,Receptor.Habitat.Benthos
188,Receptor.Habitat.Benthos
188,Receptor.Invertebrates
188,Stressor.HabitatChange
188,Technology.Current.Tidal
188,Technology.Wave
189,Management.Mitigation
189,Phase.2Construction
189,Phase.3OperationsandMaintenance
189,Phase.4Decommissioning
189,Receptor.Birds
189,Receptor.Birds.Seabirds
189,Stressor.BehavioralInteraction
189,Technology.Current.Tidal
189,Technology.Wave
190,Consequence.EntanglementEntrapment
190,Management.DesignFeature
190,Management.Monitoring
190,Phase.3OperationsandMaintenance
190,Receptor.MarineMammals
190,Receptor.MarineMammals.Cetaceans
190,Stressor.PhysicalInteraction
190,Technology.Current.Tidal
190,Technology.Wave
191,Management.DesignFeature
191,Management.Mitigation
191,Phase.3OperationsandMaintenance
191,Receptor.Fish
191,Stressor.InvasiveSpecies
191,Technology.Current.Tidal
192,Management.DesignFeature
192,Phase.2Construction
192,Receptor.Fish
192,Receptor.Fish.DemersalFish
192,Stressor.EMF
192,Technology.Current.Tidal
192,Technology.Wave
193,Management.Mitigation
193,Phase.2Construction
193,Phase.3OperationsandMaintenance
193,Phase.4Decommissioning
193,Receptor.Habitat.Benthos
193,Stressor.PhysicalInteraction.Chemicals
193,Technology.Current.Tidal
193,Technology.Wave
194,Management.Mitigation
194,Phase.2Construction
194,Phase.4Decommissioning
194,Receptor.Fish
194,Stressor.Noise.Underwater
194,Technology.Current.Tidal
194,Technology.Wave
195,Management.DesignFeature
195,Phase.3OperationsandMaintenance
195,Receptor.Fish
195,Receptor.Fish.PelagicFish
195,Stressor.EMF
195,Technology.Current.Tidal
195,Technology.Wave
196,Management.Monitoring
196,Phase.3OperationsandMaintenance
196,Receptor.Fish
196,Stressor.Noise.Underwater
196,Technology.Current.Tidal
196,Technology.Wave
197,Management.DesignFeature
197,Phase.3OperationsandMaintenance
197,Receptor.Fish
197,Receptor.Fish.Sharks
197,Stressor.EMF
197,Technology.Current.Tidal
197,Technology.Wave
198,Management.DesignFeature
198,Phase.3OperationsandMaintenance
198,Receptor.MarineMammals
198,Stressor.PhysicalInteraction.ChangesinFlow
198,Technology.Current.Tidal
199,Management.Monitoring
199,Phase.3OperationsandMaintenance
199,Receptor.Habitat
199,Stressor.HabitatChange
199,Technology.Current.Tidal
199,Technology.Wave
200,Consequence.Collision
200,Management.DesignFeature
200,Management.Mitigation
200,Management.Monitoring
200,Phase.3OperationsandMaintenance
200,Receptor.MarineMammals
200,Stressor.PhysicalInteraction
200,Technology.Current.Tidal
